{"cameraMode":{"drawMode":0,"name":"Shaded","section":"Shading Mode"},"sceneLighting":false,"audioPlay":false,"sceneViewState":{"m_AlwaysRefresh":false,"showFog":true,"showSkybox":false,"showFlares":true,"showImageEffects":true,"showParticleSystems":true,"showVisualEffectGraphs":true,"m_FxEnabled":true},"in2DMode":false,"pivot":{"x":34.27720260620117,"y":-12.057594299316407,"z":6.877519607543945},"rotation":{"x":-0.030211668461561204,"y":0.07848083227872849,"z":-0.0023792011197656395,"w":-0.9964579939842224},"size":3.158435821533203,"orthographic":false}