{"cameraMode":{"drawMode":0,"name":"Shaded","section":"Shading Mode"},"sceneLighting":false,"audioPlay":false,"sceneViewState":{"m_AlwaysRefresh":false,"showFog":true,"showSkybox":false,"showFlares":true,"showImageEffects":true,"showParticleSystems":true,"showVisualEffectGraphs":true,"m_FxEnabled":true},"in2DMode":false,"pivot":{"x":17.692472457885743,"y":-2.99070143699646,"z":5.086394309997559},"rotation":{"x":-0.0333012156188488,"y":-0.012896181084215641,"z":0.00042711212881840765,"w":-0.9993727803230286},"size":3.6798617839813234,"orthographic":false}