{"cameraMode":{"drawMode":0,"name":"Shaded","section":"Shading Mode"},"sceneLighting":false,"audioPlay":false,"sceneViewState":{"m_AlwaysRefresh":false,"showFog":true,"showSkybox":false,"showFlares":true,"showImageEffects":true,"showParticleSystems":true,"showVisualEffectGraphs":true,"m_FxEnabled":true},"in2DMode":false,"pivot":{"x":-0.10099172592163086,"y":0.08293172717094422,"z":0.05610007047653198},"rotation":{"x":-0.08178842067718506,"y":0.8871514201164246,"z":-0.1727425754070282,"w":-0.42003944516181948},"size":0.6062209010124207,"orthographic":false}