{"cameraMode":{"drawMode":0,"name":"Shaded","section":"Shading Mode"},"sceneLighting":true,"audioPlay":false,"sceneViewState":{"m_AlwaysRefresh":false,"showFog":true,"showSkybox":true,"showFlares":true,"showImageEffects":true,"showParticleSystems":true,"showVisualEffectGraphs":true,"m_FxEnabled":true},"in2DMode":false,"pivot":{"x":1103.62060546875,"y":602.024169921875,"z":22.387937545776368},"rotation":{"x":-0.0333012156188488,"y":-0.012896181084215641,"z":0.00042711212881840765,"w":-0.9993727803230286},"size":682.9454345703125,"orthographic":false}