{"cameraMode":{"drawMode":0,"name":"Shaded","section":"Shading Mode"},"sceneLighting":false,"audioPlay":false,"sceneViewState":{"m_AlwaysRefresh":false,"showFog":true,"showSkybox":false,"showFlares":true,"showImageEffects":true,"showParticleSystems":true,"showVisualEffectGraphs":true,"m_FxEnabled":true},"in2DMode":false,"pivot":{"x":0.8655595779418945,"y":0.49422091245651247,"z":-0.9040725827217102},"rotation":{"x":0.03374595195055008,"y":-0.3246949017047882,"z":-0.01159704104065895,"w":-0.9451577663421631},"size":0.9785358309745789,"orthographic":false}