{"cameraMode":{"drawMode":0,"name":"Shaded","section":"Shading Mode"},"sceneLighting":false,"audioPlay":false,"sceneViewState":{"m_AlwaysRefresh":false,"showFog":true,"showSkybox":false,"showFlares":true,"showImageEffects":true,"showParticleSystems":true,"showVisualEffectGraphs":true,"m_FxEnabled":true},"in2DMode":false,"pivot":{"x":23.51576042175293,"y":-9.800125122070313,"z":4.1664557456970219},"rotation":{"x":-0.0333012156188488,"y":-0.012896181084215641,"z":0.00042711212881840765,"w":-0.9993727803230286},"size":1.2423410415649415,"orthographic":false}